,Unnamed: 0,Nombre,Página Web,Email,Entidad,Municipio,Enlace SIC,Descripción
0,0,Nuestra Señora de la Asunción ,,,Aguascalientes,Aguascalientes,http://sic.gob.mx/ficha.php?table=catedral&table_id=83,"La catedral de Aguascalientes se ubica al costado poniente de la plaza del Centro Histórico de la ciudad. A principios del siglo XVI es declarada Villa con el nombre de Nuestra Señora de la Asunción y se le anexan capillas.

Posteriormente el inmueble fue modificado y en su lugar se erigió un edificio en forma de planta de cruz latina con crucero de brazos cortos y cúpula central, templo que corresponde a la segunda iglesia parroquial que conserva sus características hasta fines del siglo XVI.

La tercera iglesia parroquial, que corresponde a la actual, se inicia en el año de 1704 y su construcción concluye hasta el año de 1738, fecha en que se inaugura solemnemente. La renovación incluyó el cambio de altar, en el que ahora se colocó la imagen principal de la virgen de la Asunción. La torre norte fue terminada en 1764 y la sur en 1946. Su interior posee un retablo del siglo XVIII y algunas pinturas de Miguel Cabrera.

El templo actual es de tres naves, de planta basilical con crucero corto, construido en siete tramos. El interior es de estilo neoclásico, mismo que fue restaurado a principios de los años noventa del siglo XX."
1,1,Nuestra Señora de Guadalupe ,,,Baja California,Mexicali,http://sic.gob.mx/ficha.php?table=catedral&table_id=2,Inició como parroquia el 17 de mayo de 1918 y como catedral el 17 de octubre de 1966. No es considerada monumento en términos de Ley.
2,2,Nuestra Señora de Guadalupe ,http://www.corporativovirtual.com/catedral/contenido.cfm,,Baja California,Tijuana,http://sic.gob.mx/ficha.php?table=catedral&table_id=1,"Surge el 12 de diciembre de 1902. La característica del primer establecimiento, es que fue una pequeña construcción de madera muy típica de la época de principios del siglo XX en Tijuana. En 1964 la parroquia es elevada a Catedral. No es considerada monumento en términos de Ley.

Fuente: Página web de la Diósesis de Tijuana"
3,3,Nuestra Señora de La Paz ,,,Baja California Sur,La Paz,http://sic.gob.mx/ficha.php?table=catedral&table_id=45,"Esta catedral fue construida por los dominicos en 1861. El recinto presenta una curiosa imagen elaborada con cantera, en la que resalta la sobria influencia de la arquitectura misional desarrollada en la región, aunque también muestra un adusto estilo neoclásico. En su interior conserva pinturas de buena calidad, algunas de ellas realizadas en el siglo XVIII y que proceden de varias de las misiones que fueran fundadas por los frailes jesuitas, hoy en ruinas o desaparecidas.

Fuente: Guía México desconocido, núm. 64, noviembre de 2000."
4,4,Nuestra Señora de la Purísima Concepción,https://es.wikipedia.org/wiki/Catedral_de_Campeche,,Campeche,Campeche,http://sic.gob.mx/ficha.php?table=catedral&table_id=87,"Su construcción fue ordenada por don Francisco de Montejo y León el 4 de octubre de 1540, con el título de Nuestra Señora de la Concepción. En el transcurso de los años sufrió varias modificaciones hasta el año de 1705, en el que alcanzó su extensión actual. El atractivo principal de la iglesia es su fachada, que consta de una portada de piedra labrada con dos cuerpos enmarcados por dos pilastras estriadas sobre pedestales y un sencillo remate curvado con un perillón, sobresaliendo el conjunto arquitectónico con sus esbeltas torres, formadas por tres cuerpos de plantas cuadradas y muros lisos, separadas por sencillo cornizuelo. En su interior se puede apreciar el Santo Entierro, escultura de un Cristo en una urna tallada en ébano, con incrustaciones de plata repujada. Esta Catedral está incluida en el conjunto de iglesias barrocas y es un ejemplo de la arquitectura colonial campechana.

Fuente: La Revista Peninsular"
5,5,Santiago Apóstol,,,Coahuila de Zaragoza,Saltillo,http://sic.gob.mx/ficha.php?table=catedral&table_id=13,"Es una de las mejores muestras de la arquitectura religiosa en la ciudad. Presenta una fachada de cantera con tres cuerpos, flanqueados por columnas de estilos barroco salomónico, estípite y churrigueresco.

En su interior destaca un bello retablo que incluye un frontal de plata y un púlpito decorado con motivos vegetales. Data del periodo virreinal elevada al rango de catedral."
6,6,Nuestra Señora del Carmen ,,,Coahuila de Zaragoza,Torreón,http://sic.gob.mx/ficha.php?table=catedral&table_id=12,No es considerada monumento en términos de Ley.
7,7,Nuestra Señora de Guadalupe ,,,Colima,Colima,http://sic.gob.mx/ficha.php?table=catedral&table_id=14,"La construcción data de 1862. La cubierta de la iglesia es de ladrillo en forma plana. Cuenta con varios vitrales con imágenes de santos. La cúpula no contiene escenas del Víacrusis como algunos otros templos de la época. El altar es sencillo y austero. Está flanqueado por dos pilastras tablereadas del orden Corintio. Al centro de las columnas se ubica la imagen del beato Miguel de la Mora. A un costado del altar, se ubica una capilla dedicada a este religioso, que tiene un frontón con medallón; además posee un vano de acceso con dos pilastras con basamento que soportan un entablamento. Parroquia del periodo virreinal elevada al rango de catedral."
8,8,Nuestra Señora de la Asunción,,,Chiapas,San Cristóbal de las Casas,http://sic.gob.mx/ficha.php?table=catedral&table_id=16,"En 1533 inició la construcción de este templo y de él sólo queda el campanario y una mole recubierta por la actual edificación. En 1539 fue modificada al ser promovida a catedral de la nueva diócesis de Chiapas. En 1696 la actual fachada poniente. De 1714 a 1726 se construyen las tres naves actuales, la capilla de Guadalupe y la primera sala capitular. De 1754 a 1766 adornan el espacio interior y primeros retablos barrocos de talla dorada. En 1813 hubo una restauración y remodelación neoclásica del pináculo de la fachada poniente y de la portada Sur. De 1902 a 1912 se sustituyeron las ventanas barrocas por los grandes ventanales de estilo renacentista. De 1921 a 1931 se construyó el bautisterio y modificaron las columnas corintias de los pilares barrocos de las naves. Al principio del siglo XVIII, la catedral era célebre por su artesón de madera tallada. El actual es una modesta reconstrucción artesanal, pero sin el oro y las pinturas estofadas que lució hasta el temblor de 1804. Parte del artesón del presbiterio tiene todavía piñas y otros adornos que son la obra de los ebanistas de 1813. Los dos retablos de las cabeceras de las naves laterales fueron tardíamente trasladados de la iglesia de los jesuitas después de su expulsión en 1767, los cuales datan de 1708. Hacen juego con el púlpito, de la misma fecha. Los cuatro retablos barrocos datan de la mitad del siglo XVIII. En todos estos retablos y en la sacristía hay pinturas de Correa, de Cabrera, y de pintores locales.

Fuente: Diósesis de San Cristobal de las Casas"
9,9,San José,,,Chiapas,Tapachula,http://sic.gob.mx/ficha.php?table=catedral&table_id=8,El 15 de febrero de 2009 se concluyeron los trabajos de construcción y remodelación de la Catedral de San José. La Consagración de la Catedral se efectuó el 19 de marzo de 2009.
10,10,San Marcos,,,Chiapas,Tuxtla Gutiérrez,http://sic.gob.mx/ficha.php?table=catedral&table_id=7,"Fue construida en la segunda mitad del siglo XVI y a lo largo de su historia sufrió varias remodelaciones que acabaron con su imagen original. La más reciente de ellas fue en el año de 1982, creada por el arquitecto Ignacio Díaz-Morales, quien la dotó de una fachada y un gran campanario anexo, siguiendo un estilo que trata de recordar a los templos coloniales de la región, aunque es decididamente moderno. De la fachada destaca el magnífico carillón de la torre, que fue hecho en Alemania y consta de 48 campanas con un sistema musical que funciona cada hora con una melodía que acompaña a las figuras de los doce apóstoles que desfilan sobre un pedestal en el muro de la torre.

Fuente: Guía México desconocido, núm. 63, Chiapas/octubre 2000"
11,11,San Antonio de Padua ,,,Chihuahua,Cuauhtémoc,http://sic.gob.mx/ficha.php?table=catedral&table_id=10,Esta catedral no es considerada monumento en términos de Ley.
12,12,Nuestra Señora de Regla,,,Chihuahua,Chihuahua,http://sic.gob.mx/ficha.php?table=catedral&table_id=81,"El primer templo de la ciudad de Chihuahua fue la capilla que se construyó en el mismo lugar en el que hoy se encuentra la catedral. Fue construida rústicamente con adobe en el año de 1703. La parroquia de Nuestra Señora de la Regla y San Francisco de Asís nació en 1709 con el inicio de la explotación del mineral. El templo fue construido entre 1725 y 1760.

El estilo arquitectónico del edificio está catalogado como barroco rico. El templo consta de tres naves; una gran nave central y dos laterales de menores dimensiones. Tiene adosada una capilla y dos torres de 40 metros de altura que alojan las campanas.

La fachada está labrada en cantera rosa y abriga profusas aplicaciones de follaje, frutas y flores. Está dividida en dos grandes cuerpos y un remate, que en realidad forma casi un tercer cuerpo.

La gran puerta es de madera labrada, enmarcada por un arco cuya clave es una tiara con las llaves de San Pedro sostenida por dos querubines.

El acceso al templo es por medio de una puerta con un arco poligonal en cuya clave se colocó el escudo pontificio. En su interior se encuentran tres naves estilo dórico, un altar principal de cantera oculto por otro de mármol de Carrara.

La catedral posee un órgano monumental traído de Alemania, el cual es considerado como uno de los mejores ejemplares de todo México.

La cúpula es semejante a la de la Basílica de San Pedro en Roma. Es octagonal, apoyada sobre un tambor en cuyos lados se abren ventanas octagonales. El inmueble cuenta con un Museo de Arte Sacro."
13,13,Nuestra Señora de Guadalupe ,,,Chihuahua,Hidalgo del Parral,http://sic.gob.mx/ficha.php?table=catedral&table_id=11,"Singular construcción realizada en piedra hacia principios del siglo XX. En 1946 a iniciativa del padre Agustín Pelayo empezaron los trabajos de reconstrucción, decidiéndose que era la demolición total debido a que los cimientos y muros estaban en pésimas condiciones. El 22 de octubre del mismo año se colocó la primera piedra del nuevo santuario. Hasta el 22 de octubre de 1952 se colocó la última piedra del santuario y en 1957 se empiezan los trabajos de mármol del altar. En 1959 se terminaron los altares laterales y en 1962 se instala el comulgatorio de mármol de cantera. No es considerada monumento en términos de Ley.

Fuente: Gobierno del Estado de Chihuahua"
14,14,Nuestra Señora de Guadalupe ,,,Chihuahua,Juárez,http://sic.gob.mx/ficha.php?table=catedral&table_id=82,"Se encuentra ubicada junto a la Misión más antigua de la región de el sur de Estados Unidos y el norte de México, la Misión de Guadalupe, fundada el 8 de diciembre de 1658. La catedral se erige por el crecimiento de la feligresía y a iniciativa del padre Baudelio Pelayo, quién proyectó construir un templo nuevo que preservara la histórica Misión. La construcción del nuevo templo comenzó en 1941. La consagración de este templo aún inconcluso (las dos grandes torres no se habían montado sobre la nave principal) la realizó el obispo de Chihuahua Antonio Guízar y Valencia el 12 de diciembre de 1945. Finalmente la edificación del edificio anexo a la Misión de Guadalupe que hoy conocemos como Catedral de Nuestra Señora de Guadalupe, concluyó en 1957 y el 7 de septiembre del mismo año se convirtió en la sede de la diócesis de Ciudad Juárez. Este templo a diferencia del edificio de la Misión pronto presentó fallas estructurales, por lo que se cerró para reconstruirlo en la primavera de 1973.

Fuente: Universidad Autónoma de Ciudad Juárez"
15,15,Nuestra Señora de la Medalla Milagrosa ,,,Chihuahua,Nuevo Casas Grandes,http://sic.gob.mx/ficha.php?table=catedral&table_id=3,No es considerada monumento en términos de Ley.
16,16,Nuestra Señora de Balvanera ,http://www.elcentrohistorico.com.mx/lugares-templo-del-convento-de-balvanera.html,,Ciudad de México,Cuauhtémoc,http://sic.gob.mx/ficha.php?table=catedral&table_id=15,"La iglesia se terminó de construir en 1671. Cuenta con un campanario revestido de azulejos. Su estilo es barroco sobrio y las portadas corresponden al neoclásico. El convento fue demolido en 1929, sólo quedó el templo, que actualmente está a cargo de la comunidad maronita. Declarado monumento el 30 de agosto de 1932."
17,17,Catedral Metropolitana La Asunción de la Virgen María,,,Ciudad de México,Cuauhtémoc,http://sic.gob.mx/ficha.php?table=catedral&table_id=84,"Sede episcopal novohispan edificada ex profeso para catedral.

La construcción de la Catedral Metropolitana de la Ciudad de México, la primera en México y América; se inició en 1563 con el proyecto del arquitecto Claudio de Arciniegas hasta la intervención de Manuel Tolsá, en 1791, en la fachada principal. Alrededor de 200 años de edificación dan cuenta de diversos estilos arquitectónicos del recinto: herreriano, barroco o churrigeresco. Sobresalen en la arquitectura los altorrelieves y las columnas salomónicas.

La descripción y significado de imágenes de santos como la Virgen María, San Pedro o San Pablo, que aparecen en los muros, fachadas y óleos, que contienen símbolos de la vida, obra e ideas de los evangelizadores, forman parte de la voz iconográfica de la Catedral. Resguarda pinturas de caballete realizadas por Juan Correa y Cristóbal Villalpando, realizadas a finales de siglo XVII y principios del XVIII.

Los dos órganos monumentales del coro, el de fabricación española y el que está hecho en México, datan del siglo XVIII.

La cripta, localizada en el sótano de la catedral, aloja entierros de los arzobispos que han participado en la vida eclesiástica de la Catedral. Como la del primer obispo Don Juan de Zumárraga, cuyos restos descansan en este lugar.

Fuente: Dirección General de Sitios y Monumentos del Patrimonio Cultural 2004"
18,18,Porta Coeli,http://www.elcentrohistorico.com.mx/lugares-templo-del-colegio-de-porta-coeli.html,,Ciudad de México,Cuauhtémoc,http://sic.gob.mx/ficha.php?table=catedral&table_id=18,Se encuentra muy cerca del Zócalo. Originalmente era un colegio de dominicos del que ahora sólo queda esta pequeña iglesia que fue restaurada con estilo neoclásico. Tiene como particularidad escritos en árabe y griego en algunos mosaicos y en su fachada. Dentro de la iglesia existen imágenes de la virgen de Guadalupe.
19,19,Catedral Basílica Menor de la Inmaculada Concepción ,,,Durango,Durango,http://sic.gob.mx/ficha.php?table=catedral&table_id=21,"Se ubica en el centro histórico de la ciudad de Durango, frente a la Plaza de Armas. Es la representación arquitectónica más importante del estado y una de las edificaciones más bellas del norte del país. Dentro se encuentra la Galería Episcopal (Museo de Arte Sacro).
Adentrarse en ella es una viaje en el tiempo con historias como el ""Confesionario que movió el diablo"" o la leyenda romántica de ""La monja de Catedral""."
20,20,Parroquia del Sagrado Corazón de Jesús - Sagrario Catedral,,,Guanajuato,Celaya,http://sic.gob.mx/ficha.php?table=catedral&table_id=30,
21,21,Catedral Basílica Metropolitana de la Madre Santísima de la Luz,,,Guanajuato,León,http://sic.gob.mx/ficha.php?table=catedral&table_id=29,"La Madre Santísima de la Luz es una advocación mariana venerada en la Ciudad de León, siendo la imagen original proveniente de Sicilia la que corona el altar mayor de esta catedral."
22,22,Nuestra Señora de la Soledad,,,Guerrero,Acapulco de Juárez,http://sic.gob.mx/ficha.php?table=catedral&table_id=35,Siglo XX
23,23,Santa María de la Asunción,,,Guerrero,Chilapa de Álvarez,http://sic.gob.mx/ficha.php?table=catedral&table_id=33,Siglo XVI-XIX
24,24,La Asunción de María,,,Guerrero,Chilpancingo de los Bravo,http://sic.gob.mx/ficha.php?table=catedral&table_id=32,"En esta parroquia, en septiembre de 1813 tuvo lugar el Primer Congreso de Anáhuac."
25,25,Catedral Fray Juan Bautista Moya,,,Guerrero,Pungarabato,http://sic.gob.mx/ficha.php?table=catedral&table_id=31,Siglo XX
26,26,San Agustín,,,Guerrero,Tlapa de Comonfort,http://sic.gob.mx/ficha.php?table=catedral&table_id=34,
27,27,San Agustín,,,Hidalgo,Huejutla de Reyes,http://sic.gob.mx/ficha.php?table=catedral&table_id=36,"La Iglesia y exconvento de San Agustín es una estructura que data del siglo XVI y es considerada monumento nacional, es de estilo plateresco, edificada sobre un basamento de una pirámide indígena. Se utilizó piedra, laja natural, arco de medio punto con españada, su bóveda es de cañón corrido y tiene una pila bautismal de piedra labrada con motivos vegetales de gran sabor indígena. La Catedral, fue erigida en 1545."
28,28,San José,,,Hidalgo,Tula de Allende,http://sic.gob.mx/ficha.php?table=catedral&table_id=37,"Fue originalmente la iglesia de un convento levantado por los evangelizadores de la orden franciscana durante la época de la conquista. Fue construido entre 1543-1554, de estilo Gótico-plateresco, cuenta con gran atrio, de terraplen artificial. Lo cierra un muro almenado cuyo acceso es por un arco trilobulado, obra del siglo XVII. Al centro del atrio se ubica una cruz tallada en cantera sobre un pedestal, colocada para conmemorar la llegada de los misioneros franciscanos. Elevada a rango de catedral en 1961 y dedicada al Patriarca San José, fue de los primeros conventos levantados en México y uno de los más representativos de ese periodo."
29,29,Nuestra Señora de los Ángeles,https://www.facebook.com/pages/Iglesia-De-Nuestra-Se%C3%B1ora-De-Los-Angeles-Tulancingo-De-Bravo/240549582691806,,Hidalgo,Tulancingo de Bravo,http://sic.gob.mx/ficha.php?table=catedral&table_id=38,"Fundada en 1528 por los franciscanos. De su estructura antigua no queda prácticamente nada ya que fue remodelada en 1788 por el célebre arquitecto José Damián Ortiz de Castro, dándole su estilo neoclásico a la sobria fachada y a la decoración del interior y el altar principal. Es una obra en cantera en cuyo interior destaca una pila de agua bendita, labrada en piedra y un púlpito de madera con decoración en relieve. El órgano tubular de la Catedral es uno de los pocos que están completos y activos. Anexo al templo se encuentra el convento de San Francisco, el cual tiene cinco arcadas de medio punto y corredores cubiertos por techo de viguería. La Catedral de Tulancingo es imponente por su sencillez, su conjunto y sus detalles, principalmente sus dos enormes columnas de estilo jónico romano de 17 metros de altura. Se encuentra en el centro, frente al jardín La Floresta.
Visitas diariamente de 8 a 18 hrs.

Información tomada de http://www.tulancingocultural.cc/historico/catedral/index.htm"
30,30,Catedral Santísima Trinidad,,,Jalisco,Autlán de Navarro,http://sic.gob.mx/ficha.php?table=catedral&table_id=41,
31,31,Señor San José,,,Jalisco,Zapotlán el Grande,http://sic.gob.mx/ficha.php?table=catedral&table_id=42,
32,32,La Asunción de María,,,Jalisco,Guadalajara,http://sic.gob.mx/ficha.php?table=catedral&table_id=40,"Se comenzó a construir en 1561 y fue consagrada en 1716. Ha experimentado muchas transformaciones. La fachada muestra varios estilos arquitectónicos y las torres actuales -símbolo de la ciudad y con 65 m de altura- fueron construidas en el siglo XIX, pues las originales se derrumbaron a causa de un temblor en 1818. Con mezcla de influencias góticas, barrocas, moriscas y neoclásicas, las tres naves constan de seis tramos altos y espaciosos, cubiertos con bóvedas góticas y nervaduras. El interior es de estilo gótico y en la sacristía se ve La Purísima Concepción, obra pictórica de Bartolomé Esteban Murillo. Aquí se localiza el segundo órgano más grande de la República Mexicana, de origen francés.

Fuente: http://www.jornada.unam.mx/viajera/?destino=jalisco&seccion=07"
33,33,Nuestra Señora de San Juan de los Lagos (Catedral-Basílica),,,Jalisco,San Juan de los Lagos,http://sic.gob.mx/ficha.php?table=catedral&table_id=39,
34,34,San Francisco de Asis,,,México,Atlacomulco,http://sic.gob.mx/ficha.php?table=catedral&table_id=22,
35,35,San Buenaventura,,,México,Cuautitlán,http://sic.gob.mx/ficha.php?table=catedral&table_id=24,"La catedral de San Buenaventura, comúnmente conocida como catedral de Cuautitlán, es un templo católico, parte del conjunto conventual del mismo nombre en el Municipio de Cuautitlán, Estado de México. Fue designada como catedral el 5 de febrero de 1979 con la erección de la diócesis de Cuautitlán."
36,36,Sagrado Corazón de Jesús,http://www.diocesis-ecatepec.org.mx,,México,Ecatepec de Morelos,http://sic.gob.mx/ficha.php?table=catedral&table_id=26,"La construcción de la nueva catedral de la Diócesis de Ecatepec se realizó en un tiempo record, inicio el día 6 de enero de 1998, terminando con la fiesta de consagración el día 25 de marzo de 1999. No es considerada monumento en términos de Ley."
37,37,Jesús Señor de la Misericordia,https://www.facebook.com/CatedralMisericordiaNeza/,,México,Nezahualcóyotl,http://sic.gob.mx/ficha.php?table=catedral&table_id=28,
38,38,Corpus Cristi,,,México,Tlalnepantla de Baz,http://sic.gob.mx/ficha.php?table=catedral&table_id=25,"Fue consagrada el 23 de agosto de 1964. Anteriormente se fundó en el lugar, el Convento de San Francisco, levantado por la orden franciscana en el año de 1525 de acuerdo con la traducción de la fecha que proporciona el topónimo de Tenayuca ubicado en la Porciúncula. Posteriormente comenzó a ser construido un templo de techo plano, con vigas de madera, cuya altura era mucho menor que la actual, el cual llevó por nombre Corpus Christi. Después del incendio del año 1666, sería modificada su estructura y arquitectura. Durante el temblor de principios del siglo XX, el edificio sufriría grandes daños, por lo cual hubo la necesidad de efectuar reparaciones que se pueden constatar en las paredes del lado norte. Entre algunas de las piedras utilizadas para su levantamiento, se pueden observar otras con glifos y con grecas de la época indígena y colonial. En el año de 1622, se inició la construcción del altar al Santo Patrono de Tlalnepantla, San Isidro Labrador, de acuerdo con los archivos parroquiales del Sagrario de Tlalnepantla.
Es un templo de nave de cañón corrido, con la disposición clásica de los monasterios del siglo XVI, con una nave central, adosada a un claustro y un atrio a las afueras de ambos edificios. En su porciúncula o puerta norte fueron grabados por manos indígenas los glifos de los pueblos de Tenayuca y Teocalhueyecan, que fueron congregados por los frailes franciscanos en medio de ambos pueblos, formando Tlalnepantla, ""tierra de en medio""."
39,39,San José,http://www.diocesistoluca.org.mx/,catedral@diocesistoluca.org.mx ,México,Toluca,http://sic.gob.mx/ficha.php?table=catedral&table_id=23,"La Catedral de San José de Toluca, es el templo católico levantado sobre lo que fue el convento franciscano de la Asunción. Está ubicada en el centro de la ciudad de Toluca al sur de la Plaza de Los Mártires.
La Iglesia Catedral es la sede, y la cátedra del Obispo de la Diócesis de Toluca. Este recinto catedralicio fue erigido bajo el protección y patronazgo de San José de Nazaret que al mismo tiempo es santo patrón de la ciudad."
40,40,Nuestra Señora de la Asunción,http://web.archive.org/web/20090520100553/http://apatzingan.com.mx/historia/iahistc.html,,Michoacán de Ocampo,Apatzingán,http://sic.gob.mx/ficha.php?table=catedral&table_id=48,"Anterior al actual edificio, existía otro de sencillas proporciones, posiblemente levantado en el siglo XVI. El antiguo edificio, de adobe y piedra, constaba de una sola nave que soportaba un techo de dos aguas cubierto por teja. La portada, muy sencilla, se componía por un arco de medio punto, rematado por una cornisa y una pequeña ventana en el coro. Del lado derecho, se levantaba la torre campanario, de tres cuerpos y cupulín, la cual contaba con un reloj. A comienzos de la segunda mitad del siglo XX, y con el crecimiento de la ciudad y la necesidad de contar con un mayor espacio para la feligresía, se decidió demoler la anterior construcción para levantar una nueva obra que estuviera acorde con el ideal de progreso que predominaba en la región. Se decidió construirla en estilo modernista que estaba en boga en aquel entonces. El nuevo edificio fue elevado al rango de catedral el 24 de julio de 1962 con la creación de la Diócesis de Apatzingán."
41,41,Cristo Rey,,,Michoacán de Ocampo,Lázaro Cárdenas,http://sic.gob.mx/ficha.php?table=catedral&table_id=49,
42,42,San Salvador,,,Michoacán de Ocampo,Morelia,http://sic.gob.mx/ficha.php?table=catedral&table_id=46,"El Exterior
Es un enorme coloso de cantera rosa con dos grandes torres de 66.8 m de altura, de estilo barroco tablereado. Posee una triple fachada (una frontal y dos laterales) con retablos labrados. El templo, tiene una planta del tipo cruz latina con una longitud de 96 m y un ancho total de 62 m. Limitando al atrio se encuentra una bella reja de hierro forjado que data del siglo XIX.

Fachadas:
Fachada tripartita:La fachada principal de la catedral, que se encuentra compuesta por tres cuerpos (niveles horizontales definidos por cornisas) y corresponde al estilo barroco, da a la avenida principal de la ciudad (Avenida Madero), y no a la plaza, como es costumbre en la mayor parte de las ciudades novohispanas. La portada se encuentra decorada con esculturas y bajorrelieves que aluden a la Resurrección, la Adoración de los Pastores, así como la Adoración de los Magos. Hay además estatuas de San Pedro, San Pablo, San Juan Bautista, San Miguel Arcángel, Santa Águeda y Santa Rosa de Lima.
Fachadas Laterales
Portada Oriente
Portada Poniente

Torres:
Por otra parte, las dos torres gemelas, cada una de tres cuerpos y 62 m de altura (66 si se consideran las cruces en los remates) franquean la portada del templo, lo que le da al edificio un aspecto imponente, pero no exento de gracia y equilibrio. Una de las torres tiene como remate una cruz de hierro, que simboliza la naturaleza divina de Cristo, mientras que la otra torre tiene por remate una cruz de piedra, que representa la naturaleza humana de Jesús.
Torre Oriente
Torre Poniente

Cúpula Central:
La cúpula principal se encuentra revestida por azulejos y por dentro está soportada por un enorme tambor circular. También existe otra cúpula que corona una de las capillas de la construcción.

Cúpula del Sagrario

El Interior
El interior del edificio contrasta con el exterior, ya que es de estilo dórico y consta de tres naves, estando la central sostenida por catorce columnas. Además, anexas a las naves laterales, se tienen cuatro capillas delicadamente decoradas y múltiples retablos neoclásicos a lo largo de las dos naves laterales.

Naves:
Nave Central:
En el altar mayor se tiene un baldaquín, conformado por cuatro columnas que soportan una cúpula, y en su interior un manifestador de plata. Por detrás de éste, se encuentra un amplio coro para los canónigos, contrario a lo que ocurre en muchas otras catedrales, que dicho coro se encuentra en la parte central de la nave principal. Este hecho hace que la catedral de Morelia tenga amplio espacio para los feligreses en la nave principal. En la nave central se encuentra un pulpito realizado en madera tallada en estilo neogótico.

Naves Laterales:
Dos naves laterales a la central, poseen altares neoclásicos dedicados a diversos santos, al fondo las naves se encuentran rematadas por grandes altares, uno del lado oriente dedicado al Señor de La Sacristía y otro del lado poniente dedicado al Sagrado Corazón patrono de la Ciudad.
Nave lateral Oriente:
Nave lateral Poniente:

Capillas:
La Catedral posee cuatro capillas, ubicadas al comienzo de las naves laterales, 2 capillas justamente debajo de las torres y las otras dos contiguas. Las capillas del lado oriente están dedicadas a la virgen de la Soledad y al Sagrario de la Catedral. Del lado poniente una está dedicada a la Sagrada Familia y la otra es una capilla funeraria que alberga sepulcros en mármol de Arzobispos.
Capilla del Sagrario
Capilla de la Soledad
Capilla de la Sagrada Familia o de los Mártires
Capilla de San Jerónimo

Salas:
Posee varias salas entre las que se encuentran la Sala Capitular, La Sacristía, entre otras, donde se encuentran antiguas pinturas y mobiliarios del siglo XVIII y XIX.
Sala Sacristía
Sala Capitular


Obra Artística
Aunque la catedral moreliana fue víctima de grandes saqueos durante la Guerra de Independencia de México y la Revolución mexicana, aún conserva grandes tesoros. Obras de gran valor artístico, religioso e histórico.

Orfebrería:
Manifestador: de plata que mide 3.19 m de altura ornado con 29 estatuillas y 42 relieves sobredorados que comunican un mensaje sobre la presencia eucarística de Cristo.
Pila Bautismal: pieza de fina platería de fuerte matiz neoclásico. En ella fue bautizado Agustín de Iturbide y José María Morelos y Pavón.

Esculturas:
También se tienen múltiples esculturas en el interior, sobresaliendo un Cristo, conocido como el Señor de la Sacristía, que data del siglo XVI.
Señor de la Sacristía
Sagrado Corazón

Cerámicas:
Jarrones o tibores chinos

Pinturas al oleo:
se cuenta con pinturas del más destacado pintor novohispano, Miguel de Cabrera, así como también del pintor Juan Rodríguez Juárez; estas pinturas se conservan en la sacristía y en la sala capitular.
Oleo monumental de la transfiguración:
Oleo Virgen de Guadalupe:

Reliquias:
Reliquias de los Mártires: se conservan las reliquias de los Mártires San Pío y San Cristóbal, que se muestran al público en urnas de cristal en una de las capillas de las naves laterales.

Mobiliarios:
Púlpito:
Sillería del coro:
Cátedra del Arzobispo o Silla arzobispal:
Tenebrario:Candelabro en forma de triangulo, realizado en madera labrada, se utiliza para el rezo de los oficios

Otras piezas artísticas: Órgano tubular monumental:
La catedral posee un importante órgano tubular de 4,600 voces o flautas, de principios del siglo XX de fabricación alemana, de estilo Churrigueresco, llamado ""San Gregorio Magno"", en sustitución del antiguo órgano español del siglo XVIII del cual solo se conservan sus fachadas labradas en madera y que decoran al órgano electromecánico. En el mes de mayo se lleva a cabo el Festival Internacional de Órgano de Morelia como parte de la celebración del aniversario de la ciudad. El festival ha estado a cargo del decano y maestro el organista Alfonso Vega Núñez quien ha invitado a ejecutar conciertos a importantes organistas de todo del mundo, entre los que se destaca el francés Jean Guillou. Algunas de las presentaciones cuentan con la participación de la Orquesta Sinfónica del Estado de Michoacán."
43,43,San Jerónimo,,,Michoacán de Ocampo,Tacámbaro,http://sic.gob.mx/ficha.php?table=catedral&table_id=47,"No existen datos precisos plasmados en libros que establezcan una fecha probable del inicio de su construcción, pero se cree que fue entre 1538 y 1570, cuando se efectuó la fundación de Tacámbaro, dando lugar también a un convento agustino. Durante este tiempo la Catedral fue devastada por tres incendios, según refiere el cronista de la ciudad, Vicente Gil Méndez; el último fue el 11 de abril de 1865, cuando los belgas fueron derrotados por Nicolás de Régules, lo cual originó que el párroco Crisanto Gómez decidiera poner bóveda al edificio, iniciándose estos trabajos en 1891 con la cooperación del pueblo. Sus campanas son consideradas parte importante de la historia de la misma Catedral. Según lo refiere el investigador Evelio Vargas Ornelas, las campanas actuales son de principios del siglo XX, ya que las más antiguas fueron destruidas por los incendios suscitados. Son cuatro campanas que están distribuidas según los puntos cardinales: la primera, dirigida hacia el norte, la mandó hacer Rafael Béjar el 7 de enero de 1898 y está dedicada a San Rafael, la cual tiene visibles los hoyos hechos por las balas durante la Revolución; la segunda está ubicada hacia el sur y fue hecha el 20 de agosto de 1900, está dedicada a San Ramón; la tercera está hacia el oriente y la mandó hacer el sacerdote Francisco Rubio en 1918, pagada por Vicente Herrera, y la cuarta se mandó hacer en mayo de 1915 y la pagó Teodoro Cavaría y está dedicada a la Virgen de Guadalupe. El interior El altar central consta de dos cuerpos y un basamento. En la parte central de este último se encuentra la sede episcopal, y al centro del primer cuerpo se encuentra un nicho donde se venera al Cristo de los Tablajeros o de la Salud, que data del siglo XVIII. En el segundo cuerpo existe la escultura de San Jerónimo que data del siglo XIX. En el eje de la cúpula existen dos altares formados por un solo cuerpo de cuatro columnas cada uno y seis pilastras de estilo jónico, compuestos con macetones y un medallón con una cruz al centro, retocados con molduras doradas. El trono de Dios, un atractivo, a la mitad de la Catedral, al lado izquierdo, se encuentra una capilla que fue diseñada por Manuel González Galván y construida en los años 70, es de estilo neoclásico, compuesta de una cúpula pequeña de ladrillo rojizo. En el centro se encuentra la escultura en bronce El trono de Dios, que fue elaborada por Miguel Velázquez Tracy e inspirada en el Apocalipsis; mide 1.90 por 1.90 metros y fue bendecida el 28 de octubre de 1972. Contiene unas manos estigmatizadas que simbolizan a Cristo muerto y resucitado, una espada de dos filos que encarna la palabra de Dios que sale de su boca, siete llamas que significan el Espíritu Santo y la Iglesia universal, siete cuernos que aluden a la omnipotencia de Cristo y siete ojos que representan la presencia de Cristo en todas partes. También está integrada por cuatro figuras, Toro, León, Hombre y Águila, que simbolizan la naturaleza animada e inanimada, así como los evangelistas Mateo, Juan, Marcos y Lucas, respectivamente. La nave principal está apoyada sobre pilastras y arcos de cantera separados por una distancia de cinco metros, con una gran cúpula de cobre que antes era de cantera blanca pero que colapsó en el sismo de 1985. Su estilo general corresponde al siglo XIX y principios del XX. La bóveda posee una moldura de yeso dorado con dos arcos. Los muros están divididos por pilastrones de cantera gris que son de estilo dórico y decorados en color oro. El tambor de la cúpula es de forma circular y mide 6.50 metros de altura y once metros de diámetro, posee pilastras de estilo jónico. La cúpula es semiesférica, reconstruida con estructura de acero y cubierta al exterior con láminas de cobre y al interior con yeso decorado en oro, observándose debajo del tambor medallones de los evangelistas Juan, Marcos, Mateo y Lucas. El convento Durante los trabajos de reconstrucción de la Catedral, luego de su afectación durante el sismo de 1985, se descubrieron restos originales del convento del siglo XVI. Entre estos se encuentran la esquina norte del claustro principal, una columna monolítica con su base, dos arcos completos, las dos impostas en que se apoyan los muros y un tercer arco que da hacia el inmueble donde estuvo la Cárcel Municipal. Los arcos se supone que fueron cubiertos durante la Revolución por la forma de la herrería, su forma y aspecto rústico. De acuerdo a la forma de la Catedral, se cree que todavía existe uno oculto, por lo que corresponderá a las autoridades hacer las investigaciones pertinentes.
Cambio de Michoacán, http://www.cambiodemichoacan.com.mx/nota-231927."
44,44,San Martín de Tours,,,Michoacán de Ocampo,Zamora,http://sic.gob.mx/ficha.php?table=catedral&table_id=43,"De estilo ecléctico neoclásico. La actual sede catedralicia de la Diócesis de Zamora Michoacán se alberga en lo que fue antes una parroquia del centro de la ciudad que fue remodelada y reconstruida. Este inmueble ubicado frente a la plaza de armas históricamente se consideró provisional mientras se construía lo que sería la nueva catedral de la diócesis hasta el día de hoy Santuario Guadalupano. El templo fue levantado entre 1835 y 1838 bajo un proyecto del párroco de la ciudad Don José María Cabadas, auxiliado por el presbítero Francisco Enríquez. La obra fue diseñada y dirigida por el maestro arquitecto Nicolás Luna. Fue concluida por el célebre arquitecto Francisco Eduardo Tresguerras. Se realizaron varias obras de construcción entre 1840 y 1862. El templo fue consagrado catedral en 1867, y las torres fueron terminadas en 1879. La planta arquitectónica presenta la forma de cruz latina con un acceso principal y dos laterales. Presenta estilo ecléctico influenciado en el neoclásico. El templo presenta gran parecido y proporciones al templo del Carmen en la ciudad de Celaya Guanajuato. Visitas diariamente de 9 am a 7 pm."
45,45,La Sagrada Familia,,,Nayarit,Del Nayar,http://sic.gob.mx/ficha.php?table=catedral&table_id=51,
46,46,Nuestra Señora de la Asunción ,,,Nayarit,Tepic,http://sic.gob.mx/ficha.php?table=catedral&table_id=52,"La Catedral de Tepic, es el templo católico sede de la diócesis de Tepic. Está ubicada frente a la plaza principal, en el centro de la ciudad.

En el siglo XVIII, en el mismo sitio donde hoy se levanta la catedral, existió un pequeño templo de plata basilical. Por la poca capacidad del inmueble, se pensó en construir uno más grande, adecuado a las necesidades de la creciente población. La obra comenzó el 9 de diciembre de 1804 y continuó hasta finales de 1810, cuando se suspendieron los trabajos debido al movimiento de independencia. En 1819 se reanudaron las labores y para finales de 1822 el edificio estaba terminado; se habían cerrado todas su bóvedas y enjarres.

En 1824 se adquirió su primer órgano, construido por el señor Andrés Muñoz. El párroco Ignacio Castro comenzó en 1847 la construcción de sus altares - de estilo neoclásico- luego instaló vidrieras en sus ventanas; intentó fabricar una fachada y construir la torre, pero esta quedó trunca, aunque se terminó el primer cuerpo y colocó el primer reloj.

En 1868 se proyectó construir las actuales torres y el párroco se inclinó por una muy sencilla, presentada por Gabriel Luna y Rodríguez, los trabajos de este proyecto comenzaron en seguida y se empezó a construir su pórtico, hasta llegar a las ventanas ojivales. Las torres quedaron terminadas el 14 de octubre de 1893 y el 31 de marzo de 1896, respectivamente.

El 23 de junio de 1891, con la bula de León XIII, IIIud in Primis, la antigua parroquia se convirtió en la sede y catedra del obispo, doctor Ignacio Díaz y Macedo (1893-1905).

En 1920 se decidió darle unidad arquitectónica al interior, y se encargó la decoración a Jesús Escamilla, quien presentó un proyecto de corte renacentista, que fue aceptado por el prelado; esto se terminó en 1923. La remodelación incluyó un nuevo trono obispal y sillería de fina talla para los canónigos, diseñados por el maestro carpintero Heliodoro Monroy."
47,47,Catedral San Felipe Apóstol,,,Nuevo León,Linares,http://sic.gob.mx/ficha.php?table=catedral&table_id=54,"Fundada por franciscanos en 1715, la Catedral, dedicada a San Felipe, fue anteriormente una misión. Inició su construcción cuando era cabecera de la Arquidiócesis, en 1779. La cúpula se reconstruyó en 1805 y para 1853 se inició la torre. Es una planta de cruz latina, con cubierta de bóvedas de arista. Estilísticamente, podría hablarse de barroco depurado en lo que a la fachada, recubierta de cantera, se refiere. Pocas veces se combinan alineados en fachada espadaña, cuerpo central de acceso y torre. Aunque el frontón triangular y una cierta contención ornamental acercan la fachada al neoclasicismo, el juego de entrantes y salientes en la base del frontón es de influencia barroca. Hay un fuerte contraste entre la fachada y el volumen posterior, más rústico, con geometrías vernáculas. Incluye potentes contrafuertes en los laterales. En junio de 2008 colapsó la torre del campanario, sostenía cuatro campanas que fueron rescatadas, pero del reloj sólo quedaron fragmentos."
48,48,Catedral Metropolitana de Nuestra Señora de Monterrey,,catedral@arquidiocesismty.org,Nuevo León,Monterrey,http://sic.gob.mx/ficha.php?table=catedral&table_id=53,"En 1612, después de la gran inundación, el terreno donde habría de estar la nueva parroquia quedó definido, pero fue hasta que el gobernador Martín de Zavala pudo unir esfuerzos con el obispo de Guadalajara, Cervantes y Carvajal, que esa construcción se activó contratando en 1663 al sargento Juan de Montalvo, maestro albañil y carpintero, para su construcción y más de cien años después se continuaba edificando. Para 1791 existió el cuerpo de tres naves que hoy se conoce, sin embargo la fachada de estilo barroco no se terminaría sino hasta 1800. Entre 1886 y 1900 se concluyeron los trabajos de la Capilla del Sagrario, la decoración interior, las balaustradas y puertas del atrio. Sin campanario, el sencillo edificio dominó el paisaje de la Plaza de Armas con el carácter de provisional hasta que pudiera construirse otro del tamaño adecuado, lo cual nunca sucedió. El único campanario que tiene se construyó de 1891 a 1899, y la última gran intervención artística que se le hizo fue hacia la década de 1940, cuando el pintor Ángel Zárraga ejecutó el mural que adorna el ábside."
49,49,San Juan Bautista,,,Oaxaca,Heroica Ciudad de Huajuapan de León,http://sic.gob.mx/ficha.php?table=catedral&table_id=5,"La catedral de Huajuapan de León es la sede de la Diócesis de Huajuapan de León desde el año de 1903. El edificio se ubica en el centro de la ciudad y está dedicada a la Virgen de Guadalupe. El templo se levantó a finales del siglo XVII y se realizaron varias ampliaciones y modificaciones durante todo el siglo XIX. Está decorada casi en su totalidad en estilo neoclásico.

Ubicado frente a un amplio atrio, el templo consta de planta de cruz latina, en el crucero central se levanta la cúpula octagonal, de tambor y forma gajonada.

La fachada principal está realizada en cantera roja propia del lugar, que le da un bello aspecto. Consta de dos cuerpos y tres arcos de acceso, separados por grandes contrafuertes que son rematados por dos jarrones de cantera. La portada principal consta de arco de medio punto, sostenido por dos columnas adosadas a la pared. El arco de acceso es enmarcado por dos columnas tipo estípite que sostienen a las del segundo cuerpo donde se ubica la ventana coral, la cual está enmarcada por dos columnas que son también de tipo estípite. Las puertas laterales son de arco de medio punto y sobre estas se ubican sencillas ventanas; cada portada lateral está rematada por un sencillo frontón.

Las torres del templo son de tres cuerpos, la del lado norte cuenta con un reloj agregado en el año de 1900.

El interior consta de tres naves, las cuales son sostenidas por columnas de orden toscano. Al crucero es en donde se alza la cúpula del templo. En el ábside se encuentra el altar principal."
50,50,San Juan Evangelista,,,Oaxaca,Huautla de Jiménez,http://sic.gob.mx/ficha.php?table=catedral&table_id=6,"Catedral dedicada a San Juan Evangelista, que data de 1966, pero cuyas campanas tienen más de 150 años. Asimismo, está ubicado el Palacio Municipal y la Torre del Reloj, construida a inicios del siglo pasado."
51,51,La Asunción (San Marcial) ,,,Oaxaca,Oaxaca de Juárez,http://sic.gob.mx/ficha.php?table=catedral&table_id=20,"El edificio se comenzó a construir hacia 1535, exprofeso para catedral, el cual constaba de tres naves, con techumbre de paja, y esta construcción era muy austera. Durante la construcción del templo las funciones catedralicias las asumió el templo de San Juan de Dios.

La catedral empezó a actuar como tal en 1640. A finales del siglo XVII se agregan las capillas laterales, así como las bóvedas de las naves. En 1724, Miguel de Sanabria, a quien se le encomiendan las obras, inició la construcción de otro edificio que fue terminado en 1733, ya que el anterior fue afectado por los temblores, tan comunes en la zona. Motivo por el cual el edificio, al igual que otros templos en la ciudad, es de pesadas dimensiones.

Finalmente, en 1740 se inició la última construcción; se le pusieron canceles traídos de Europa y candiles florentinos. Doce años después la portada principal fue concluida.

En el siglo XIX no se realizaron remodelaciones o construcciones importantes, salvo la sustitución del remate de la fachada principal por una torre con campanario, por el año de 1890."
52,52,San Juan Bautista (en construcción),http://catedraltuxtepec.com/,,Oaxaca,San Juan Bautista Tuxtepec,http://sic.gob.mx/ficha.php?table=catedral&table_id=17,
53,53,San Pedro y San Pablo,,,Oaxaca,San Pedro y San Pablo Ayutla,http://sic.gob.mx/ficha.php?table=catedral&table_id=44,1965
54,54,San Pedro,,obispadodetehuantepec@hotmail.com,Oaxaca,Santo Domingo Tehuantepec,http://sic.gob.mx/ficha.php?table=catedral&table_id=50,"La catedral forma parte del Conjunto religioso fundado por la Orden Dominica en el siglo XVI.
La construcción fue realizada de 1544 a 1550, siendo Vicario Fray Fernando de Albuquerque. Se dice que el rey zapoteco de Tehuantepec, Cocijopí, bautizado como Juan Cortés de Cocijopí, ofreció sus tesoros y cientos de indios de todos los barrios y pueblos tributarios de su reino para la construcción de esta obra.
El conjunto arquitectónico está integrado por el Templo de Santo Domingo, la Capilla abierta (hoy convertida en Catedral de San Pedro), el patio atrial y el claustro o ex convento. El Templo de Santo Domingo, restaurado en 1953, es de una sola nave cubierta con bóvedas de nervaduras góticas. En su interior sobresalen tres altares con esculturas religiosas. La Catedral de San Pedro, cubierta con techumbre de madera sobre arcos y columnas de hierro, contiene el Sagrario y altares dedicados a Jesucristo, la Virgen del Carmen y a la Virgen de Los Dolores. Las fachadas de estos dos espacios corresponden a una remodelación contemporánea. Al lado norte del Templo está ubicado el edificio del obispado, el cual luce una arcada de cantera. El atrio está delimitado por una barda atrial provista de dos accesos. El ex convento fue rescatado de su ruina para convertirse en sede de la Casa de la Cultura de Tehuantepec.
El Palacio o Conjunto Residencial está en el lado oriente de las plazas. Sobre varias terrazas en desnivel fueron construidos los cuartos, algunos con columnas circulares. Hay patios con escalinatas para comunicarse entre ellas y se encuentra un mirador de forma redonda construido sobre una roca natural desde donde se puede admirar una gran extensión del Istmo. Todas las estructuras fueron construidas con pequeñas lajas extraídas del área, pegadas con argamasa y aplanadas con estuco.
El horario de visita de este espacio es de lunes a domingo de 9 a 18 h."
55,55,Catedral de Santa María de la Asunción,,catedralteziutlan@hotmail.com,Puebla,Teziutlán,http://sic.gob.mx/ficha.php?table=catedral&table_id=99,"Catedral que luce una fachada monumental en cantera rosa con dos altas torres, manteniendo el estilo del sagrario. Antiguamente fue una ermita dedicada a San Miguel Arcángel, posteriormente se convirtió en Capilla del Rosario. Combina en su construcción varios estilos; románico, barroco y neoclásico. En su interior cobija, a la Inmaculada Virgen de la Asunción, patrona de la ciudad a quien se le festeja cada año en el mes de Agosto."
56,56,San Felipe Neri,http://www.diocesisdequeretaro.org.mx/,,Querétaro,Querétaro,http://sic.gob.mx/ficha.php?table=catedral&table_id=57,"De estilo herreriano su construcción se inició el 27 de mayo de 1866 y se puso en servicio el primer día del mes de enero de 1900. Está decorada con piso de mosaico y doce ventanales con cristales emplomados que representan escenas de la Sagrada Familia en Nazaret. En las naves laterales se encuentran los murales, obra de Andrés González, titulados La Batalla de Levanto, San José Obrero, San José protector de la Iglesia Universal y El Tránsito del señor San José. Al fondo y en el centro se presenta una alegoría que representa entre nubes ángeles y querubines rodeando a la Virgen de la Asunción. También se encuentran catorce estaciones del Vía Crucis que son pinturas al óleo idénticas a las que de hallan en la catedral de Puebla. La fachada es de cantera y tiene cinco accesos. Cuenta con un órgano que data de 1900."
57,57,Santísima Trinidad,https://www.facebook.com/catedralSTcancun/?rf=329026383844014,catedral_santisimatrinidad@hotmail.com,Quintana Roo,Benito Juárez,http://sic.gob.mx/ficha.php?table=catedral&table_id=58,"Es un conjunto arquitectónico de 12,000 m2 que a la usanza de las cresterías mayas sobresale de la característica selva baja caducifolia del lugar. Está compuesto por una nave principal, un edificio anexo de salones y auditorio; un complejo de criptas-capillas, como servicios complementarios cuenta con un estacionamiento para 180 autos; oficinas para la residencia y los servicios obispales; y un atrio para acoger hasta 3,000 visitantes."
58,58,Nuestra Señora de Guadalupe,http://catedraldevalles.com/,,San Luis Potosí,Ciudad Valles,http://sic.gob.mx/ficha.php?table=catedral&table_id=61,1944-1962
59,59,Inmaculada Concepción,http://www.iglesiapotosina.org/,,San Luis Potosí,Matehuala,http://sic.gob.mx/ficha.php?table=catedral&table_id=59,"A mediados del siglo XIX, el obispo de la arquidiócesis de San Luis Potosí, don Ignacio Montes de Oca, manifestó la necesidad urgente de demoler la que entonces era la parroquia de Matehuala debido a que ésta presentaba un estado de deterioro y que amenazaba con derrumbarse.

Tras haberse derribado se encargó al arquitecto italiano Adamo Boari, constructor oficial del general don Porfirio Díaz, presidente de México, la construcción del nuevo templo. Sin embargo, Boari tenía varios proyectos en construcción, como el Palacio de Bellas Artes, por lo que no pudo hacerse cargo directamente de la obra. Realizó el proyecto tomando como modelo la iglesia de Saint Joseph de Brotteaux de Lyon, construida por Gaspar André en el mismo siglo XIX.

La primera piedra se puso en 1906 con leves variantes en sus dimensiones. La nave norte fue el primer cuerpo en ser terminado y en ser usado para las celebraciones religiosas, conocido por los matehualenses como «la nave».

El arquitecto Manuel López Torrija fue el encargado de realizar el plan de construcción, cuya cimentación fue realmente imponente, pues se emplearon enormes bloques de piedra azul. Así comenzó esta obra que no tardó en ser suspendida por causa de la Revolución.

Fue hasta la época del arzobispo Tritschler, en los años 1930, quien retomó el interés por reanudar las obras, determinando la utilización de piedra artificial, ya que consideró que si se hubiera esperado a llevar piedra natural a Matehuala, como muchos sugerían, el templo no se hubiera continuado, otro problema con el que se enfrentó el obispo fue que los planos del proyecto se encontraban perdidos o quizá destruidos, pero el obispo recurrió a sus amigos arquitectos cuando era profesor en el Seminario Conciliar de México, y estos reconocieron los planos como existentes en la Academia de San Carlos y en Lyon, Francia, en un proyecto muy similar al de Matehuala. Con estos elementos el arzobispo encargó al arquitecto Jorge de María y Campos la continuación de las columnas dobles, los arcos y cupulas del templo.

A mitad del siglo XX se terminó la primera fase de su construcción al finalizarse el altar, la nave sur y los laterales. La catedral aún no se encuentra terminada y se están construyendo las torres de la fachada principal.

El 28 de mayo de 1997, la parroquia de la Inmaculada Concepción de Matehuala, fue elevada a la categoría de catedral en una carta del papa Juan Pablo II al episcopado mexicano, en la cual el máximo representante de la Iglesia católica en el mundo daba fe para que se fundara la Diócesis de Matehuala teniendo como sede la parroquia de la Inmaculada Concepción, que a su vez sería ascendida al grado de catedral."
60,60,Nuestra Señora de la Expectación,,,San Luis Potosí,San Luis Potosí,http://sic.gob.mx/ficha.php?table=catedral&table_id=60,"Está ubicada en el centro histórico de la capital potosina, en el costado oriental de la Plaza de Armas, o plaza principal. El edificio que actualmente conocemos se levantó en el año 1670 y fue terminado en el año 1730. Fue catedral a partir de 1854. Está dedicada a Nuestra Señora de la Expectación. Anteriormente sobre el lugar se levantaba una antigua parroquia, siendo muy modesta, con muros de adobe y techo de tejamanil, la cual databa de 1593. Duró muy poco tiempo, ya que se demolió para levantar una de mayores dimensiones. Pero debido a la riqueza resultante de la explotación de las minas de oro y plata provenientes de las zonas cercanas a la ciudad (principalmente del Cerro de San Pedro), fue que se levantaron los grandes y opulentos templos y conventos. Para el año de 1670, se demolió el edificio para levantar un templo de mayores dimensiones, de cal y canto. Las obras fueron dirigidas por el maestro Nicolás Sánchez. Se terminó el conjunto en 1730.

Como catedral, se consagra el edificio en agosto del año 1854, bajo el pontificado de S.S. el Papa Pío IX. Motivo por el cual comienzan las obras de remodelación y ampliación del templo.

En 1896 con motivo del jubileo episcopal del Excmo. Sr. Ignacio Montes de Oca y Obregón, 4º Obispo de San Luis Potosí, ordena decorar totalmente el interior.

Originalmente contaba con una torre, del lado sur. La segunda torre, le fue agregada con motivo del Centenario de la Independencia de México, que fue patrocinada por el señor Meade, es una copia exacta de la primera.

De fachada principal con dos lateral de cantera rosa. Presenta tres naves con dos cruceros La principal de ocho bóvedas, y las laterales de siete. Presenta una cúpula ochavada al centro del mismo. Cuenta con dos capillas en los cubos de las torres. El exterior está cubierto de cantera rosa, característica de la zona.

Posee una fachada barroca diseñada a manera de biombo, similar a la de la Basílica de Guadalupe en la Ciudad de México, cuenta con tres cuerpos. Los dos primeros formados por contrafuertes semi hexagonales, divididos por columnas de estilo salomónico, seis en cada uno. Entre estos, se ubican los nichos, también seis en los dos cuerpos, en donde se encuentran colocadas las esculturas de los doce apóstoles. Estas esculturas fueron esculpidas en mármol de Carrara, Italia, por los hermanos Biagi (afincados en la ciudad); fueron encargadas por el Exmo. Sr. Montes de Oca, para remplazar las anteriores de cantera. Estas esculturas de mármol son réplicas fieles de las que se encuentran en el interior de la Basílica de San Juan de Letrán en Roma; además, es el único templo en el mundo con 24 esculturas de los apóstoles: las 12 de mármol en la fachada y las otras 12 de cantera en las orillas del techo del templo (muro sur). El arco de entrada del primer cuerpo es de medio punto, en el segundo cuerpo se observa un medallón de forma ovalada, que en un principio tenía esculpido el escudo de la ciudad. El tercer cuerpo, formado por barandales que rematan los contrafuertes y en medio de éstos, se ubica el reloj, coronado por un templete que resguarda una escultura de la virgen María (expectante, embarazada). Es uno de los más bellos ejemplos del barroco salomónico de México. A pesar de haber sido restaurada conserva su aspecto original.

Las torres son barrocas, de tres cuerpos, columnas salomónicas y nichos, sus cupulillas están cubiertas de azulejos.

Interior:
Dividido en tres naves; la central con ocho bóvedas, las dos laterales con siete y las tres naves llegan hasta el muro de la calle Morelos (parte trasera del templo). Decorado a la manera neoclásica, es como hoy nos ha llegado, puesto que con la elevación de rango del templo a catedral, sufrió cambios en el interior. De estilo neoclásico con detalles decorativos neobizantinos o neopompeyanos, fue la decoración llevada a cabo en 1896 en las bóvedas y paredes, realizada por obra de los italianos Claudio Molina y Giuseppe Compiani.

El altar principal se compone de un gran ciprés realizado en mampostería, de dos cuerpos. En el primero se encuentra San Luis Rey de Francia, el segundo resguarda la imagen de Nuestra Señora de la Expectación. Los altares laterales son realizados en estilo neoclásico. Detrás del altar principal se ubica el coro. Frente al ciprés se ve la mesa del altar, y debajo, escultura de San Sebastián. Es copia de la que existe en las Catacumbas de San Sebastián, en Roma.

El artesonado de la cúpula está decorado con florones dorados."
61,61,Nuestra Señora del Rosario,,,Sinaloa,Culiacán,http://sic.gob.mx/ficha.php?table=catedral&table_id=62,"Se construyó entre 1842 y 1885, presenta una sobria fachada de tipo neoclásico en donde resaltan los detalles en cantera sobre los muros lisos. Su puerta de acceso es de arco de medio punto y sobre ella se ve una cornisa que sirve de apoyo para el arranque de dos ventanas del coro. El remate es semicircular con adornos en cantera y una peana sobre la que se alza la imagen del protector de la Virgen, San Miguel Arcángel, venciendo al demonio. El templo es de planta de cruz latina con una gran bóveda en el crucero."
62,62,Purísima Concepción,,,Sinaloa,Mazatlán,http://sic.gob.mx/ficha.php?table=catedral&table_id=63,"La catedral basílica menor de Mazatlán, dedicada a la Purísima Concepción, es el principal edificio religioso de la ciudad de Mazatlán, estado de Sinaloa, México, de estilo barroco, y sede de la diócesis de Mazatlán. Está ubicado en el centro histórico. Las obras del templo se comenzaron en el año de 1856, por orden del entonces obispo Pedro Loza y Pardavé. Más tarde, el párroco Miguel Lacarra retoma las obras y es por éste que se dan por concluidas en el año de 1899. La consagración del templo como basílica se realizó el 12 de diciembre de 1941. Consta de planta basílical, con tres naves, las cuales tienen la misma altura. Cuenta con una cúpula octogonal con linternilla, coronada por una cruz de hierro. Las torres son de dos cuerpos y presentan remates en forma de prismas truncados, los cuales son coronados por una cruz. La portada de la catedral consta de tres arcos ojivales, de fuerte acento neogótico, los cuales sirven de portón de acceso al arco principal, de medio punto y sostenido por pilastras, las cuales sostienen el frontón triangular. La joya de la catedral es su grandioso órgano construido en París por el fabricante Aristide Cavaillie-Coll (1811-1899) y aunque en los archivos de la catedral no se señala en que fecha se adquirió este maravilloso instrumento musical, información periodística de la época indica que el día 17 de mayo de 1899 el órgano fue tocado por primera vez, deleitando a la sociedad católica del puerto."
63,63,Corazón Sacratísimo de Jesús,,,Sonora,Cajeme,http://sic.gob.mx/ficha.php?table=catedral&table_id=65,"La catedral de Ciudad Obregón, es un templo católico sede de la Diócesis de Ciudad Obregón, es una de las catedrales más recientes del país, ya que fue levantada a finales del siglo XX. Está dedicada al Sagrado Corazón de Jesús. De estilo moderno, destaca su enorme cubierta, en forma de prisma truncado, sobre el cual se levanta una gran cruz. En el interior se puede apreciar un gran retablo con imágenes esculpidas en mármol y decoraciones con hoja de oro y bronce."
64,64,Nuestra Señora de la Asunción,,,Sonora,Hermosillo,http://sic.gob.mx/ficha.php?table=catedral&table_id=64,"La Catedral de Hermosillo, dedicada a la Virgen de la Asunción, mide 30 metros de altura es el principal templo de la Arquidiócesis de Hermosillo, y uno de los edificios más representativos de la ciudad. Anterior al inmueble, había en el lugar una capilla de pequeñas dimensiones, levantada en el siglo XVIII. La construcción actual se levanta debido a la necesidad de un espacio más grande, para atender a los fieles y que estuviera de acuerdo al crecimiento de la ciudad. Las obras fueron apoyadas por el entonces obispo Herculano López de la Mora, y se consagró en 1908, a pesar de que no se habían concluido las obras del edificio y faltaba una de las torres. La cúpula se concluyó en 1963.

El edificio cuenta con 3 naves; la principal de mayor tamaño y dos laterales. La fachada, de estilo ecléctico, muy en boga en aquella época, combina elementos del barroco y el neogótico. Consta de dos cuerpos y remate. El primero presenta el arco de acceso, de medio punto, custodiado por dos columnas de estilo corintio. Otras dos columnas corintias, pares, sostienen un friso, que presenta al segundo cuerpo, presidido por las dos ventanas del coro, con arco ojival, de forma neogótica, custodiadas por dos columnas también de orden corintio. Arriba de las ventanas se ubica el reloj. Las columnas del segundo cuerpo sostienen el remate, de forma ondulada, con barandal y jarrones de cantera.

Las puertas de acceso a las naves laterales, ubicadas al lado de la portada central, presentan dos cuerpos y remate de arquitectura idéntica. El primer cuerpo consta de un arco de medio punto, coronado por un frontón semicircular, sobre el cual se ubica un nicho con la imagen de una santo. Dos columnas corintias a los lados del arco sostienen una cornisa que enmarca el primer cuerpo; el segundo cuerpo presenta nichos vacíos enmarcados por columnas pareadas, a su vez dos columnas corintias sostienen una cornisa con frontón triangular, en cuya parte interior se encuentra un medallón.

El interior está decorado al estilo neoclásico, y destaca el altar principal."
65,65,Catedral del Señor de Tabasco,https://www.facebook.com/Catedral-del-Se%C3%B1or-de-Tabasco-274007409315957/,,Tabasco,Centro,http://sic.gob.mx/ficha.php?table=catedral&table_id=66,"La Catedral de Tabasco, también conocida como Catedral del Señor de Tabasco, es el principal centro religioso y es la sede de la Diócesis de Tabasco, con sede en la ciudad de Villahermosa, ubicada en la zona central de la misma. La primera iglesia construida en su actual ubicación data de alrededor del siglo XVIII conocida como Iglesia del Señor de Esquipulas. En el siglo XIX, tiene lugar la construcción de la catedral, sin embargo durante el siglo XX fue destruida por un incendio, propiciado por la campaña antirreligiosa del por entonces gobernador del estado Tomás Garrido Canabal, el cual ordenó el cierre de las iglesias y destrucción de las imágenes religiosas. Terminada la etapa del Garridismo se inicia la reconstrucción de la catedral en la década de los 60, concluyéndose aproximadamente diez años después. Su pequeño interior contrasta con su gran fachada, flanqueada por dos imponentes torres de casi 80 metros de altura, las cuales se pueden ver desde la mayor parte de la ciudad. La entrada al recinto de estilo barroco, está decorada con columnas de capitel de tipo corintio, frontones y nichos."
66,66,Nuestra Señora del Refugio,,,Tamaulipas,Matamoros,http://sic.gob.mx/ficha.php?table=catedral&table_id=68,"La obra fue iniciada por el padre Nicolás Ballí a principios del siglo XIX. De tres naves, con una arquitectura de estilo neoclásico. Al pasar de los años la catedral ha sufrido ligeras modificaciones. La fachada, de estilo neoclásico, cuenta con tres arcos de acceso, flanqueados por columnas toscanas, seis en total. El arco principal es de medio punto, mientras que los laterales son de tipo ojival. Los arcos sostienen un frontón triangular, en cuyo centro se encuentra la ventana del coro, de forma también ojival. Las torres laterales son de dos niveles, y los remates de forma cónica prismática, similar a los de la Catedral de Nueva Orleáns, en Louisiana.

El interior, reformado, solía contar con grandes candiles de velas, los cuales se cambiaron por iluminación eléctrica. Asimismo las bancas, luces y pisos cambiaron; también se introdujo un clima artificial y la modificación en el salón contiguo al templo. En 1933 un fuerte huracán azotó la región de Matamoros, derrumbando las dos torres que coronan la catedral, y sustituidas por las actuales.

El altar, neoclásico, no ha sufrido cambio alguno. En el 2005 se añadió a la nave sur una escultura, réplica de la famosa Piedad del Vaticano."
67,67,Catedral del Espíritu Santo,,,Tamaulipas,Nuevo Laredo,http://sic.gob.mx/ficha.php?table=catedral&table_id=67,
68,68,Catedral Inmaculada Concepción,https://es.wikipedia.org/wiki/Catedral_de_Tampico,,Tamaulipas,Tampico,http://sic.gob.mx/ficha.php?table=catedral&table_id=70,"La construcción comenzó en 1841 dirigida por Lorenzo de la Hidalga. Fue parroquia de Tampico hasta el año de 1922, cuando la sede episcopal fue concedida a esta ciudad y se consagró como catedral en el año de 1931. El edificio tiene forma de cruz latina con tres naves y estilo esencialmente neoclásico, bóveda de crucería. Después del derrumbe de su torre izquierda en los años treinta, se hicieron modificaciones."
69,69,Sagrado Corazón de Jesús,,,Tamaulipas,Victoria,http://sic.gob.mx/ficha.php?table=catedral&table_id=69,"La Catedral de Ciudad Victoria, dedicada al Sagrado Corazón de Jesús, es el segundo edificio principal de la diócesis de Ciudad Victoria. Se designó como sede catedralicia en el año de 1962, para sustituir a la entonces Catedral de Nuestra Señora del Refugio, cuyo templo actualmente ostenta el rango de basílica, otorgado por el Papa Juan Pablo II.

El edificio actual es de formas bastante sencillas. La portada principal es de dos cuerpos, muy austera. El arco principal es de medio punto. El segundo cuerpo presenta la ventana del coro. Cuenta con una torre de tres cuerpos, con cúpula coronado por una cruz de hierro. El segundo cuerpo de la torre alberga un reloj.

La planta del templo, de cruz latina, consta de tres cuerpos. Sobre el crucero se alza la cúpula, de forma octagonal, con linternilla.

El interior es muy austero, destacan las columnas estriadas de estilo corintio, y presenta un altar de estilo neoclásico de regular calidad, en madera, presidido por la imagen del Sagrado Corazón de Jesús. En el año de 2014 fue consagrada por el Sr. Obispo Don Antonio González Sánchez, así mismo fueron sepultadas reliquias de San Andrés Apóstol."
70,70,Nuestra Señora de la Asunción,http://www.turismotlaxcala.com/que-hacer/iglesias/nuestra_senora_de_la_asuncion.htm,,Tlaxcala,Tlaxcala,http://sic.gob.mx/ficha.php?table=catedral&table_id=86,"El Conjunto Conventual Franciscano de Nuestra Señora de la Asunción de Tlaxcala, está catalogado en la categoría de los Primeros 14 Monasterios del Siglo XVI. El ex convento alberga a la catedral de Nuestra Señora de la Asunción, de fachada austera pero de gran valor histórico y artístico que nos recuerda los conventos-fortaleza de la Edad Media europea. El techo del templo, algo inusual en México, es de dos aguas y carece de cúpulas; consta de una sola nave y su única torre está separada de la iglesia. En la parte interior el techo ostenta un artesonado de madera, estilo mudéjar, catalogado como el más importante de México, con un valor artístico incalculable.

El altar principal, de estilo barroco, data del siglo XVII y contiene importantes pinturas, esculturas y columnas de madera tallada, entre ellas un óleo que representa el bautismo de un noble tlaxcalteca, con Hernán Cortés y la Malinche como padrinos. La pila de bautismo se encuentra en la recién restaurada capilla de la Tercera Orden. La Capilla abierta conocida como la Capilla del Rosario, catalogada como El Humilladero, se encuentra precedida por una serie de arcos, tres en total, sostenidos por columnas estriadas de estilo dórico, apoyadas sobre bases cuadrangulares. La estructura de la capilla la forman tres arcos conopiales sostenidos por columnas, un presbiterio con bóveda de nervaduras de estilo gótico. Presenta planta hexagonal."
71,71,San José,,,Veracruz de Ignacio de la Llave,Coatzacoalcos,http://sic.gob.mx/ficha.php?table=catedral&table_id=78,
72,72,Inmaculada Concepción,,,Veracruz de Ignacio de la Llave,Córdoba,http://sic.gob.mx/ficha.php?table=catedral&table_id=75,"Templo construido durante el siglo XVII en uno de los momentos de mayor auge de la ciudad. Debido a las modificaciones realizadas en los siglos posteriores presenta elementos de estilos distintos al original; fue el padre Francisco J. Krill quién ordenó la construcción del último piso de la torre, de las campanas, de la balaustrada y de las rejas del atrio; de Bélgica se trajo la plata alemana con lo que está hecho el Sagrario de la Inmaculada. Tiene portada de dos cuerpos coronada por dos torres, planta de tres naves y capillas laterales donde se encuentran retablos de estilo neoclásico, al igual que el ciprés situado en la nave central."
73,73,Inmaculada Concepción,,,Veracruz de Ignacio de la Llave,Xalapa,http://sic.gob.mx/ficha.php?table=catedral&table_id=73,"Este templo está situado enfrente del Palacio de Gobierno, su construcción se inició en 1641 y se terminó en 1772, aunque la torre completa se terminó en 1778. Coronando su cuspide, se encuentra el reloj traído de Londres con cooperaciones del vecindario, reloj que aún funciona. Este templo cuenta con tres naves, 63 ventanas cubiertas con cristales, tuvo tres panteones, uno para los presbíteros, otro para comerciantes europeos y el tercero para los originarios de la provincia vascongada. El altar mayor se componía de dos cuerpos de arquitectura dórica y corintia, pero sufrió varias transformaciones con el paso de los años. Poseía además una capilla, una sacristía y un bautisterio. Resguarda una obra pictórica de Miguel Cabrera, un órgano tubular, una bella sillería en el coro y otros elementos, fué nombrada como Iglesia Catedral en 1864."
74,74,San Miguel Arcángel,https://es.wikipedia.org/wiki/Catedral_de_Orizaba,,Veracruz de Ignacio de la Llave,Orizaba,http://sic.gob.mx/ficha.php?table=catedral&table_id=74,"La Parroquia de San Miguel se encuentra en el centro de la ciudad de Orizaba, anteriormente se habían construido tres templos que se demolieron para levantar el actual a fines del Siglo XVII y terminado en 1720. La construcción es de cal y canto con pisos de marmol, la torre adjunta mide 43 mts, fue destruida por los terremotos de 1819 y 1865 y vuelta a levantar."
75,75,Nuestra Señora de la Asunción,,,Veracruz de Ignacio de la Llave,Papantla,http://sic.gob.mx/ficha.php?table=catedral&table_id=72,"Construcción de estilo franciscano, terminada en 1879. Catedral de Nuestra Señora de la Asunción del siglo XVI, construida por los franciscanos, su reloj es de origen francés. Al fondo mástil de acero para los voladores. Bajo la catedral se encuentra un mural que relata la historia de Papantla, desde la época prehispánica hasta nuestros días."
76,76,San José y San Andrés,,,Veracruz de Ignacio de la Llave,San Andrés Tuxtla,http://sic.gob.mx/ficha.php?table=catedral&table_id=77,"La catedral de San José y San Andrés, está localizada en la ciudad de San Andrés Tuxtla, domina el centro de la población con sus dos altas torres de estilo colonial sotaventino, el inicio de su construcción data de finales del siglo XIX y mediados del siglo XX. Su construcción abarca casi 100 años, más que nada por la falta de recursos en el proceso, siendo fuerte impulsora la señora Concepción Sedas en su culminación en el año de 1950. Tanto el interior como el exterior son pintados de colores claros, en su interior esta la capilla del Santísimo donde se encuentran los restos del obispo Guillermo Ranzahuer."
77,77,Nuestra Señora de la Asunción,,,Veracruz de Ignacio de la Llave,Tuxpan,http://sic.gob.mx/ficha.php?table=catedral&table_id=71,"La Catedral de Nuestra Señora de la Asunción fue construida en 1752 roca a roca sin ninguna varilla o fierro en su estructura interna que la sostuviera, llegando a formarse como parroquia dos años mas tarde."
78,78,Nuestra Señora de la Asunción,,,Veracruz de Ignacio de la Llave,Veracruz,http://sic.gob.mx/ficha.php?table=catedral&table_id=76,"Catedral del Puerto de Veracruz. Conocida como la Parroquia, se localiza a un costado de la Plaza principal, fué construida entre 1721 y 1734, entre los numerosos elementos de interes que contiene se encuentran los candeleros de Baccarat, que se sabe pertenecieron a Maximiliano, estos, habían sido puestos a la venta y una familia de apellido Velasco los compró para donarlos a la iglesia."
79,79,Catedral de San Ildefonso,,,Yucatán,Mérida,http://sic.gob.mx/ficha.php?table=catedral&table_id=80,"La Catedral de Yucatán está dedicada a San Ildefonso, es la sede de la arquidiócesis de Yucatán y la primera catedral levantada en la América continental (tierra firme), y también la más antigua de México.

Sólo la Catedral de Santo Domingo, en toda la América, es más antigua que la de Yucatán. Una vez levantada la ciudad española sobre la antigua T'Hó, los conquistadores se dieron a la tarea de levantar la iglesia catedral. La obra fue levantada entre 1562 y 1599, luego de la autorización del Papa Pío IV y de la petición del rey Felipe II, se erigió en catedral a la iglesia de la capital del Yucatán.

Los trabajos de la construcción del recinto fueron encargados a Pedro de Aleustia, y completados por Juan Miguel de Agüero. Durante el siglo XIX, algunos de los tesoros y obras de arte fueron robadas debido a los saqueos e inestabilidad política que padeció la ciudad en este periodo.

En 1915, por órdenes del General Salvador Alvarado, la Catedral fue saqueada, perdiendo su invaluable acervo de arte sacro, incluyendo retablos barrocos y churriguerescos que databan de los siglos XVII y XVIII, el Tesoro Catedralicio y el órgano Walcker, de fábrica alemana, apenas construido en 1902.

En 1916 fueron demolidas la Capilla de San José y la Capilla del Rosario a fin de separar la catedral de la sede del Palacio Episcopal (actual Museo de Arte Contemporáneo) quedando lo que actualmente es, un andador peatonal denominado ""Pasaje de la Revolución"" el cual contó con arcos en ambos extremos y un techo de armazón metálico y cristal el cual fue posteriormente retirado al deteriorarse. Los arcos fueron demolidos y muchos años después, en 2011, se restauraron volviéndolos a su forma original.

Consta de tres naves, una central y dos laterales. Cuenta con tres capillas y la sacristía. Originalmente contó con cinco capillas, pero fueron demolidas. Presenta dos torres de dos cuerpos que presenta un estilo Morisco. Cuenta con una cúpula adornada con arco botareles.

La fachada de gran sobriedad, su estilo es de tipo renacentista, destaca la puerta del perdón, con arco de medio punto, enmarcada por columnas pares a los lados, en medio de las columnas, se encuentran dos imágenes, de San Pedro y San Pablo. Arriba del arco de acceso principal se ubica una cornisa con frontón triangular. Encima de lo anterior, se ubica la ventana que corresponde a lo que hoy es el coro y, más arriba, se encuentra el escudo de piedra de la monarquía española. Todo lo anterior se ve enmarcado por dos enormes columnas de orden toscano, las cuales sostienen un enorme arco a la manera de frontón. Cruz atrial. Las distancias a distintas poblaciones de la región respecto a la capital, Mérida, eran medidas a partir de esta cruz. Las bóvedas de la nave central, presentan forma casetonada, mientras que las laterales, son de lacería gótica. El interior es también austero, aunque presenta algunos retablos barrocos. En el altar mayor se encuentra una gran imagen del Cristo Crucificado, conocido como el ""Cristo de la Unidad"" considerada la imagen de cristo crucificado de madera más grande bajo techo que existe, obra del artista español Lapayese del Río y fue elaborada para sustituir el retablo que existía, el cual fue destruido en los movimientos de 1915. Es muy venerado, en esta catedral, la imagen del Cristo conocida como ""El Cristo de las Ampollas"" Otra de las imágenes destacadas es la de ""Santa Eulalia"" regalo de la Mérida española a la Mérida yucateca a mediados de los años 60."
80,80,Catedral basílica de Zacatecas (Nuestra Señora de los Zacatecas),,,Zacatecas,Zacatecas,http://sic.gob.mx/ficha.php?table=catedral&table_id=85,"El origen de la Catedral fue una parroquia que se comenzó a construir en 1568 y se concluyó 17 años después. En lugar de ésta se construyó una nueva iglesia en septiembre de 1625 y luego una tercera, en agosto de 1752, que es la que se conserva hasta hoy. De estilo churrigueresco o ultrabarroco, posee tres fachadas y dos torres, una de las cuales sostiene una campana forjada con las joyas y monedas de devotos zacatecanos. La fachada principal está dedicada a la Eucaristía, la del norte al Santo Cristo y la del sur a Nuestra Señora de los Zacatecas, patrona de la ciudad. La fachada principal consta de tres cuerpos y un remate con diversas representaciones. En el interior de la Catedral predomina el estilo dórico con grandes columnas y altares neoclásicos de piedra. La planta es de cruz latina y las dos naves laterales tienen una bóveda de menor altura que la central. En los arcos interiores se encuentran diversos símbolos marianos -puerta del cielo, estrella de la mañana, etc.-, elementos de la Pasión -las monedas de Judas, la lanza de longinos, el edicto de Pilatos, etc., así como imágenes de santos, mártires, doctores y evangelistas, todo lo cual representa la historia del cristianismo."
